{
  "chart": {
    "title": "Share of women using contraceptives",
    "subtitle": "Contraceptive prevalence rate is the percentage of women who are practicing, or whose sexual partners are practicing, any form of contraception. It is usually measured for women ages 15-49 who are married or in union.",
    "citation": "Demographic and Health Surveys (DHS), Multiple Indicator Cluster Surveys (MICS), and UN Population Division, via World Bank (2025)",
    "originalChartUrl": "https://ourworldindata.org/grapher/contraceptive-prevalence-any-methods-of-women-ages-15-49?v=1&csvType=full&useColumnShortNames=false",
    "selection": [
      "China",
      "India",
      "United States",
      "Brazil"
    ]
  },
  "columns": {
    "Contraceptive prevalence, any method (% of married women ages 15-49)": {
      "titleShort": "Contraceptive prevalence, any method (% of married women ages 15-49)",
      "titleLong": "Contraceptive prevalence, any method (% of married women ages 15-49)",
      "shortUnit": "%",
      "unit": "% of women ages 15-49",
      "timespan": "1961-2024",
      "type": "Numeric",
      "owidVariableId": 1107625,
      "shortName": "sp_dyn_conu_zs",
      "lastUpdated": "2025-09-08",
      "nextUpdate": "2026-09-08",
      "citationShort": "Demographic and Health Surveys (DHS), Multiple Indicator Cluster Surveys (MICS), and UN Population Division, via World Bank (2025) – processed by Our World in Data",
      "citationLong": "Demographic and Health Surveys (DHS), Multiple Indicator Cluster Surveys (MICS), and UN Population Division, via World Bank (2025) – processed by Our World in Data. “Contraceptive prevalence, any method (% of married women ages 15-49)” [dataset]. Demographic and Health Surveys (DHS), Multiple Indicator Cluster Surveys (MICS), and UN Population Division, via World Bank, “World Development Indicators 122” [original data].",
      "fullMetadata": "https://api.ourworldindata.org/v1/indicators/1107625.metadata.json"
    }
  },
  "dateDownloaded": "2026-02-01",
  "activeFilters": {}
}